,Poem Text
0,"Не в первый раз волнуется Восток,
Не в первый раз Христа там распинают,
И от креста луны поблекший рог
Щитом своим державы прикрывают.
Несется клич: ""Распни, распни его!
Предай опять на рабство и на муки!""
О Русь, ужель не слышишь эти звуки
И, как Пилат, свои умоешь руки?
Ведь это кровь из сердца твоего!

Декабрь 1866?"
1,"17-е апреля 1818

На первой дней моих заре,
То было рано поутру в Кремле,
То было в Чудовом монастыре,
Я в келье был, и тихой и смиренной,
Там жил тогда Жуковский незабвенный.
Я ждал его, и в ожиданье
Кремлевских колколов я слушал завыванье.
Следил за медной бурей,
Поднявшейся в безоблачном лазуре
И вдруг смененной пушечной пальбой, ―
Все вздрогнули, понявши этот вой.
Хоругвью светозарно-голубой
Весенний первый день лазурно-золотой
Так и пылал над праздничной Москвой.
Тут первая меня достигла весть,
Что в мире новый житель есть
И, новый царский гость в Кремле,
Ты в этот час дарован был земле.
С тех пор воспоминанье это
В душе моей согрето
Так благодатно и так мило ―
В теченье стольких лет не измен<яло>,
Меня всю жизнь так верно провожало, ―
И ныне, в ранний утра час,
Оно, всё так же дорого и мило,
Мой одр печальный посетило
И благодатный праздник возвестило.
Мнилось мне всегда,
Что этот раннего событья самый час
Мне будет на всю жизнь благим предзнаменованьем,
И не ошибся я: вся жизнь моя прошла
Под этим кротким, благостным влияньем.
И милосердою судьбою
Мне было счастье суждено,
Что весь мой век я над собою
Созвездье видел всё одно ―
Его созвездие, ― и будь же до конца оно
Моей единственной звездою
И много-много раз
Порадуй этот день, и этот мир, и нас…

17 апреля 1873"
2,"Британский леопард
За что на нас сердит?
И машет всё хвостом,
И гневно так рычит?
Откуда поднялась внезапная тревога?

Чем провинились мы?
Тем, что, в глуби зашед
Степи средиазийской,
Наш северный медведь ―
Земляк наш всероссийский ―
От права своего не хочет отказаться
Себя оборонять, подчас и огрызаться.

В угоду же друзьям своим
Не хочет перед миром
Каким-то быть отшельником-факиром;
И миру показать и всем воочию́,
Всем гадинам степным
На снедь предать всю плоть свою.
Нет, этому не быть! ― и поднял лапу…
Вот этим леопард и был так рассерже́н.
""Ах, грубиян! Ах, он нахал! ―
Наш лев сердито зарычал. ―
Как! он, простой медведь, и хочет защищаться
В присутствии моем, и лапу поднимать,
И даже огрызаться!
Пожалуй, это до́йдет до того,
Что он вообразит, что есть"" и ""у него
Такие же права,
Как у меня, сиятельного льва…
Нельзя же допустить такого баловства!""

Январь 1873"
3,"Бывают роковые дни
Лютейшего телесного недуга
И страшных нравственных тревог;
И жизнь над нами тяготеет
И душит нас, как кошемар.
Счастлив, кому в такие дни
Пошлет всемилосердый бог
Неоценимый, лучший дар ―
Сочувственную руку друга,
Кого живая, теплая рука
Коснется нас, хотя слегка,
Оцепенение рассеет
И сдвинет с нас ужасный кошемар
И отвратит судеб удар, ―
Воскреснет жизнь, кровь заструится вновь,
И верит сердце в правду и любовь.

1873"
4,"Во дни напастей и беды,
Когда из Золотой орды
В Москву баскаков насылали,
Конечно, и тогда их выбирали,
Москве предоставляя в дар
Учтивейшего из татар, ―
Насколько совместимы два эти слова ―
Ну, словом, лучшего из той среды,
И не отправили бы Дурнова…
А впрочем, тут много шума из пустого.

Конец января 1873"
5,"Конечно, вредно пользам государства
В нем образовывать особенное царство,
Но несогласно с пользами подда́нства
И в Ханстве возбуждать особенное ханство,
Давно минувших лет возобновлять приемы и следы,
И, устранив все современные лады,
Строй новый заводить,
И самозванно, произвольно
Вдруг на Москве первопрестольной
В затменье умственном, бог ведает каком,
Вдруг заявить себя ожившим баскако́м
Для несуществующей Орды."
6,"Хоть родом он был не славя́нин,
Но был славянством всем усвоен,
И честно он всю жизнь ему служил,
Он много действовал, хоть мало жил,
И многого ему принадлежит почин ―
И делом доказал, что в поле и один
Быть может доблестный и храбрый воин."
7,"Чертог твой, спаситель, я вижу украшен,
Но одежд не имею, да вниду в него."
8,"Бессонница

(Ночной момент)

Ночной порой в пустыне городской
Есть час один, проникнутый тоской,
Когда на целый город ночь сошла
И всюду водворилась мгла,
Всё тихо и молчит; и вот луна взошла,
И вот при блеске лунной сизой ночи
Лишь нескольких церквей, потерянных вдали,
Блеск золоченых глав, унылый, тусклый зев
Пустынно бьет в недремлющие очи,
И сердце в нас подкидышем бывает
И так же плачется и так же изнывает,
О жизни и любви отчаянно взывает.
Но тщетно плачется и молится оно:
Всё вкруг него и пусто и темно!
Час и другой всё длится жалкий стон,
Но наконец, слабея, утихает он.

Апрель 1873"
9,"<Д. Ф. Тютчевой>

Вот свежие тебе цветы
В честь именин твоих, ―
Еще цветы я рассылаю,
А сам так быстро отцветаю.

Хотелось бы собрать пригоршню дней,
Чтоб сплесть еще венок
Для именинницы моей.

19 марта 1873"
10,"<Е. С. Шеншиной>

Тебе, болящая в далекой стороне,
Болящему и страждущему мне
Пришло на мысль отправить этот стих,
Чтобы с веселым плеском волн морских
Влетел бы <он к> тебе в окно,
Далекий отголосок вод родных,
И слово русское, хоть на одно мгновенье,
Прервало для тебя волн средиземных пенье…
Из той среды, далёко не чужой,
Которой ты была любовью и душой,
Где и поднесь с усиленным вниманьем
Следят твою болезнь <с> сердечным состраданьем,
Будь ближе, чем когда: душе твоей присущ
Добрейший из людей, чистейшая из душ,
Твой милый, добрый, незабвенный муж!
Душа, с которою твоя была слита,
Хранившая тебя от всех соблазнов зла,
С которой заодно всю жизнь ты перешла,
Свершая честно трудный подвиг твой
Примерно-христианскою вдовой!
Привет еще тебе от тени той,
Обоим нам и милой и святой,
Которая так мало здесь гостила,
Страдала храбро так и горячо любила,
Ушла стремглав из сей юдоли слез,
Где ей, увы, ничто не удалось,
По долгой, тяжкой, истомительной борьбе,
Прощая всё и людям и судьбе.
И свой родимый край так пламенно любила,
Что хоть она и воин не была,
Но жизнь свою отчизне принесла;
Вовремя с нею не могла расстаться,
Когда б иная жизнь спасти ее могла.

Январь 1873"
11,"Императору Александру II

Царь благодушный, царь с евангельской душою,
С любовью к ближнему святою,
Принять, державный, удостой
Гимн благодарности простой!
Ты, обнимающий любовию своей
Не сотни ― тысячи людей,
Ты днесь воскрыльями ея
Благоволил покрыть и бедного меня,
Не заявившего ничем себя
И не имевшего на царское вниманье
Другого права, как свое страданье!..
Вниманьем благостным своим
Меня призреть ты удостоил
И, дух мой ободрив, ты успокоил…
О, будь же, царь, прославлен и хвалим,
Но не как царь, а как наместник бога,
Склоняющего слух
Не только к светлым легионам
Избранников своих, небесных слуг,
Но и к отдельным одиноким стонам
Существ, затерянных на сей земле,
И внемлющего их молитвенной хвале.
Чего же, царь, тебе мы пожелаем?
Торжеств ли громких и побед?
От них тебе большой отрады нет!
Мы лучшего тебе желаем,
А именно: чтобы по мере той,
Как призван волей ты святой
Здесь действовать, в печальной сей юдоли,
Ты сознаваем был всё более и боле
Таким, каков ты есть,
Как друг добра нелицемерный…
Вот образ твой, и правильный и верный,
Вот слава лучшая для нас и честь!

Апрель 1873"
12,"<Императрице Марии Александровне>

Мы солнцу Юга уступаем вас:
Оно одно ― должны сознаться мы ―
Теплее нашего вас любит, ―
А все-таки, хотя здесь царство и зимы,
Мы ни с какими бы страна́ми
Здешних мест не променяли.
Здесь сердце ваше остается с нами.
Ступайте ж, уезжайте с богом,
Но сердце ваше нам залогом,
Что скоро вы вернетесь к нам.
И пусть в отъезда час со всех сторон,
И даже с бедного одра страданья,
Мольбы, благие пожеланья
За вами понесутся вслед ―
Всех русских душ торжественный привет.

1 марта 1873"
13,"Итальянская весна

Благоуханна и светла,
Уж с февраля весна в сады вошла,
И вот миндаль мгновенно зацвела,
И белизна всю зелень облила.

Февраль 1873"
14,"<Э. Ф. Тютчевой>

Всё отнял у меня казнящий бог:
Здоровье, силу воли, воздух, сон,
Одну тебя при мне оставил он,
Чтоб я ему еще молиться мог.

Февраль 1873"
15,"День православного Востока,
Святись, святись, великий день,
Разлей свой благовест широко
И всю Россию им одень!

Но и святой Руси пределом
Его призыва не стесняй:
Пусть слышен будет в мире целом,
Пускай он льется через край,

Своею дальнею волною
И ту долину захватя,
Где бьется с немощию злою
Мое родимое дитя, ―

Тот светлый край, куда в изгнанье
Она судьбой увлечена,
Где неба южного дыханье
Как врачебство лишь пьет она…

О, дай болящей исцеленье,
Отрадой в душу ей повей,
Чтобы в Христово воскресенье
Всецело жизнь воскресла в ней…

16 апреля 1872"
16,"Как бестолковы числа эти,
Какой сумбур в календаре!
Теперь зима уж на дворе,
А мне вот довелось во всем ее расцвете,
В ее прелестнейшей поре,
Приветствовать Весну лишь в позднем ноябре.

23 ноября 1872"
17,"<А. Ф. Тютчевой>

Мир и согласье между нас
Сказались с первого же дня, ―
Поздравим же, перекрестясь,
Тебя со мной, с тобой меня.

21 апреля 1872"
18,"<Е. К. Богдановой>

Хотел бы я, чтобы в своей могиле,
Как нынче на своей кушетке, я лежал,
Века бы за веками проходили
И я бы вас всю вечность слушал и молчал.

Не ранее декабря 1872"
19,"<Е. К. Зыбиной>

Тут целый мир, живой, разнообразный,
Волшебных звуков и волшебных снов, ―
О, этот мир так молодо-прекрасный ―
Он стоит тысячи миров.

1872"
20,"Наполеон III

И ты свершил свой подвиг роковой,
Великих сил двусмысленный наследник,
Муж не судеб, а муж случайности слепой ―
Ты, сфинкс, разгаданный и пошлою толпой,
Но правды божьей, не земной,
Неотразимый проповедник, ―
Ты миру доказал на деле,
Как шатко всё, в чем этой правды нет:
Ты, целых двадцать бурных лет
Мир волновавший ― и без цели, ―
Ты много в мире лжи посеял,
И много бурь ты возрастил,
И уцелевшего рассеял,
И собранного расточил!
Народ, взложивший на тебя венец,
Ты ложью развратил и погубил вконец;
И, верный своему призванью,
Оторопевший мир игрой своей смутя,
Как неразумное дитя,
Ты предал долгому шатанью.
Спасенья нет в насилье и во лжи,
Как ни орудуй ими смело,
Для человеческой души,
Для человеческого дела.
Знай, торжествующий, кто б ныне ни был он,
Во всеоружии насилья и обмана,
Придет и твой черед, и поздно или рано
Ты ими ж будешь побежден!
Но в искупленье темных дел
Ты миру завещал один урок великий
(Да вразумятся им народы и владыки
И всякий, кто б тебе соревновать хотел):
Лишь там, лишь в той семье народной,
Где с властью высшею живая связь слышна
И где она закреплена
Взаимной верою и совестью свободной,
Где святы все ее условья
И ей народ одушевлен ―
Стоит ли у престола он
Иль бодрствует у изголовья
Одра, где царский сын лежал,
И весь народ еще недавно
Тот одр болезни окружал
Своей молитвой православной, ―
О, тут измене места нет,
Ни разновидным ухищреньям,
И крайне жалок был бы тот,
Кто б этот оскорбил народ
Иль клеветой, иль подозреньем.

30 декабря 1872"
21,"Памяти М. К. Политковской

Elle a été douce devant la mort.

Многозначительное слово
Тобою оправдалось вновь:
В крушении всего земного
Была ты ― кротость и любовь.

В самом преддверье тьмы могильной
Не оскудел, в последний час,
Твоей души любвеобильной
Неисчерпаемый запас…

И та же любящая сила,
С какой, себе не изменя,
Ты до конца переносила
Весь жизни труд, всю злобу дня, ―

Та ж торжествующая сила
Благоволенья и любви,
Не отступив, приосенила
Часы последние твои.

И ты, смиренна и послушна,
Все страхи смерти победив,
Навстречу ей шла благодушно,
Как на отеческий призыв.

О, сколько душ, тебя любивших,
О, сколько родственных сердец ―
Сердец, твоею жизнью живших,
Твой ранний поразит конец!

Я поздно встретился с тобою
На жизненном моем пути,
Но с задушевною тоскою
Я говорю тебе: прости.

В наш век отчаянных сомнений,
В наш век, неверием больной,
Когда всё гуще сходят тени
На одичалый мир земной, ―

О, если в страшном раздвоенье,
В котором жить нам суждено,
Еще одно есть откровенье,
Есть уцелевшее звено

С великой тайною загробной,
Так это ― видим, верим мы ―
Исход души, тебе подобной,
Ее исход из нашей тьмы.

Начало марта 1872"
22,"Впросонках слышу я ― и не могу
Вообразить такое сочетанье,
А слышу свист полозьев на снегу
И ласточки весенней щебетанье."
23,"Враг отрицательности узкой,
Всегда он в уровень шел с веком:
Он в человечестве был русский,
В науке был он человеком."
24,"От жизни той, что бушевала здесь,
От крови той, что здесь рекой лилась,
Что уцелело, что дошло до нас?
Два-три кургана, видимых поднесь…

Да два-три дуба выросли на них,
Раскинувшись и широко и смело.
Красуются, шумят, ― и нет им дела,
Чей прах, чью память роют корни их.

Природа знать не знает о былом,
Ей чужды наши призрачные годы,
И перед ней мы смутно сознаем
Себя самих ― лишь грезою природы.

Поочередно всех своих детей,
Свершающих свой подвиг бесполезный,
Она равно приветствует своей
Всепоглощающей и миротворной бездной.

17 августа 1871"
25,"Ватиканская годовщина

Был день суда и осужденья ―
Тот роковой, бесповоротный день,
Когда для вящего паденья
На высшую вознесся он ступень, ―

И, божьим промыслом теснимый
И загнанный на эту высоту,
Своей ногой непогрешимой
В бездонную шагнул он пустоту, ―

Когда, чужим страстям послушный,
Игралище и жертва темных сил,
Так богохульно-добродушно
Он божеством себя провозгласил…

О новом бого-человеке
Вдруг притча создалась ― и в мир вошла,
И святотатственной опеке
Христова церковь предана была.

О, сколько смуты и волнений
Воздвиг с тех пор непогрешимый тот,
И как под бурей этих прений
Кощунство зреет и соблазн растет.

В испуге ищут правду божью,
Очнувшись вдруг, все эти племена,
И как тысячелетней ложью
Она для них вконец отравлена́.

И одолеть она не в силах
Отравы той, что в жилах их течет,
В их самых сокровенных жилах,
И долго будет течь, ― и где исход?

…………….

Но нет, как ни борись упрямо,
Уступит ложь, рассеется мечта,
И ватиканский далай-лама
Не призван быть наместником Христа.

6 июля 1871"
26,"Черное море

Пятнадцать лет с тех пор минуло,
Прошел событий целый ряд,
Но вера нас не обманула ―
И севастопольского гула
Последний слышим мы раскат.

Удар последний и громовый,
Он грянул вдруг, животворя;
Последнее в борьбе суровой
Теперь лишь высказано слово;
То слово ― русского царя.

И всё, что было так недавно
Враждой воздвигнуто слепой,
Так нагло, так самоуправно,
Пред честностью его державной
Всё рушилось само собой.

И вот: свободная стихия, ―
Сказал бы наш поэт родной, ―
Шумишь ты, как во дни былые,
И катишь волны голубые,
И блещешь гордою красой!..

Пятнадцать лет тебя держало
Насилье в западном плену;
Ты не сдавалась и роптала,
Но час пробил ― насилье пало:
Оно пошло как ключ ко дну.

Опять зовет и к делу нудит
Родную Русь твоя волна,
И к распре той, что бог рассудит,
Великий Севастополь будит
От заколдованного сна.

И то, что ты во время о́но
От бранных скрыла непогод
В свое сочувственное лоно,
Отдашь ты нам ― и без урона ―
Бессмертный черноморский флот.

Да, в сердце русского народа
Святиться будет этот день, ―
Он ― наша внешняя свобода,
Он Петропавловского свода
Осветит гробовую сень…

Начало марта 1871"
27,"Брат, столько лет сопутствовавший мне,
И ты ушел, куда мы все идем,
И я теперь на голой вышине
Стою один ― и пусто всё кругом.

И долго ли стоять тут одному?
День, год-другой ― и пусто будет там,
Где я теперь, смотря в ночную тьму
И, что со мной, не сознавая сам…

Бесследно всё ― и так легко не быть!
При мне иль без меня ― что нужды в том?
Всё будет то ж ― и вьюга так же выть,
И тот же мрак, и та же степь кругом.

Дни сочтены, утрат не перечесть,
Живая жизнь давно уж позади,
Передового нет, и я как есть
На роковой стою очереди́.

11 декабря 1870"
28,"Веленью высшему покорны,
У мысли стоя на часах,
Не очень были мы задорны,
Хотя и с штуцером в руках.

Мы им владели неохотно,
Грозили редко и скорей
Не арестантский, а почетный
Держали караул при ней.

27 октября 1870"
29,"Давно известная всем дура ―
Неугомонная цензура ―
Кой-как питает нашу плоть…
Благослови ее господь!

1870?"
30,"Доехал исправно, усталый и целый,
Сегодня прощаюсь со шляпою белой,
Но с вами расставшись… не в шляпе тут дело…"
31,"Корабль в густом сыром тумане
Как бы затерянный стоит…
Недавней бурей в океане
Компа́с изломанный молчит.
И цепи якорей порвались…
Теченье ж всё несет, несет…
Бросают поминутно лот,
Уже на камни натыкались…
Друг друга ― подле не видать.
Ужель, о боже, погибать!..
И в экипаже ― ужас дикий…
А мгла густей и всё густей,
И глухо раздаются в ней
Пловцов взывания и клики…
Спаси их, господи, спаси!
Пошли ты им в сей час великий
Хоть луч единый с небеси.

<1870>"
32,"Над русской Вильной стародавной
Родные теплятся кресты ―
И звоном меди православной
Все огласились высоты.

Минули веки искушенья,
Забыты страшные дела ―
И даже мерзость запустенья
Здесь райским крином расцвела.

Преданье ожило святое
Первоначальных лучших дней,
И только позднее былое
Здесь в царство отошло теней.

Оттуда смутным сновиденьем
Еще дано ему порой
Перед всеобщим пробужденьем
Живых тревожить здесь покой.

В тот час, как с неба месяц сходит,
В холодной, ранней полумгле,
Еще какой-то призрак бродит
По оживающей земле.

Начало июля 1870"
33,"С Новым годом, с новым счастьем,
С постоянною удачей ―
Вот привет любви собачьей,
Ты прими его с участьем."
34,"А. В. Пл<етне>вой

Чему бы жизнь нас ни учила,
Но сердце верит в чудеса:
Есть нескудеющая сила,
Есть и нетленная краса.

И увядание земное
Цветов не тронет неземных,
И от полуденного зноя
Роса не высохнет на них.

И эта вера не обманет
Того, кто ею лишь живет,
Не всё, что здесь цвело, увянет,
Не всё, что было здесь, пройдет!

Но этой веры для немногих
Лишь тем доступна благодать,
Кто в искушеньях жизни строгих,
Как вы, умел, любя, страдать,

Чужие врачевать недуги
Своим страданием умел,
Кто душу положил за други
И до конца всё претерпел.

Начало ноября 1870"
35,"<А. М. Горчакову>

Да, вы сдержали ваше слово:
Не двинув пушки, ни рубля,
В свои права вступает снова
Родная русская земля.

И нам завещанное море
Опять свободною волной,
О кратком позабыв позоре,
Лобзает берег свой родной.

Счастлив в наш век, кому победа
Далась не кровью, а умом,
Счастлив, кто точку Архимеда
Умел сыскать в себе самом, ―

Кто, полный бодрого терпенья,
Расчет с отвагой совмещал ―
То сдерживал свои стремленья,
То своевременно дерзал.

Но кончено ль противоборство?
И как могучий ваш рычаг
Осилит в умниках упорство
И бессознательность в глупцах?

Ноябрь 1870"
36,"Гус на костре

Костер сооружен, и роковое
Готово вспыхнуть пламя; всё молчит, ―
Лишь слышен легкий треск, и в нижнем слое
Костра огонь предательски сквозит.

Дым побежал ― народ столпился гуще;
Вот все они ― весь этот темный мир:
Тут и гнетомый люд, и люд гнетущий,
Ложь и насилье, рыцарство и клир.

Тут вероломный кесарь, и князей
Имперских и духовных сонм верховный,
И сам он, римский иерарх, в своей
Непогрешимости греховной.

Тут и она ― та старица простая,
Не позабытая с тех пор,
Что принесла, крестясь и воздыхая,
Вязанку дров, как лепту, на костер.

И на костре, как жертва пред закланьем,
Вам праведник великий предстоит:
Уже обвеян огненным сияньем,
Он молится ― и голос не дрожит…

Народа чешского святой учитель,
Бестрепетный свидетель о Христе
И римской лжи суровый обличитель
В своей высокой простоте, ―

Не изменив ни богу, ни народу,
Боролся он ― и был необорим ―
За правду божью, за ее свободу,
За всё, за всё, что бредом назвал Рим.

Он духом в небе ― братскою ж любовью
Еще он здесь, еще в кругу своих,
И светел он, что собственною кровью
Христову кровь он отстоял для них.

О чешский край! О род единокровный!
Не отвергай наследья своего!
О, доверши же подвиг свой духовный
И братского единства торжество!

И, цепь порвав с юродствующим Римом,
Гнетущую тебя уж так давно,
На Гусовом костре неугасимом
Расплавь ее последнее звено.

15―17 марта 1870"
37,"Два единства

Из переполненной господним гневом чаши
Кровь льется через край, и Запад тонет в ней.
Кровь хлынет и на вас, друзья и братья наши! ―
Славянский мир, сомкнись тесней…

""Единство, ― возвестил оракул наших дней, ―
Быть может спаяно железом лишь и кровью…""
Но мы попробуем спаять его любовью, ―
А там увидим, что прочней…

Сентябрь 1870"
38,"<Из ""Эгмонта"" Гёте>

Радость и горе в живом упоенье,
Думы и сердце в вечном волненье,
В небе ликуя, томясь на земли,
Страстно ликующей,
Страстно тоскующей
Жизни блаженство в одной лишь любви…

Февраль 1870"
39,"К. Б.

Я встретил вас ― и всё былое
В отжившем сердце ожило;
Я вспомнил время золотое ―
И сердцу стало так тепло…

Как поздней осени порою
Бывают дни, бывает час,
Когда повеет вдруг весною
И что-то встрепенется в нас, ―

Так, весь обвеян дуновеньем
Тех лет душевной полноты,
С давно забытым упоеньем
Смотрю на милые черты…

Как после вековой разлуки
Гляжу на вас, как бы во сне, ―
И вот ― слышнее стали звуки,
Не умолкавшие во мне…

Тут не одно воспоминанье,
Тут жизнь заговорила вновь, ―
И то же в вас очарованье,
И та ж в душе моей любовь!..

26 июля 1870"
40,"11-е мая 1869

Нас всех, собравшихся на общий праздник снова,
Учило нынче нас евангельское слово
В своей священной простоте:
""Не утаится Град от зрения людского,
Стоя на горней высоте"".

Будь это и для нас возвещено не всуе ―
Заветом будь оно и нам,
И мы, великий день здесь братски торжествуя,
Поставим наш союз на высоту такую,
Чтоб всем он виден был ― всем братским племенам.

11 мая 1869"
41,"Великий день Кирилловой кончины ―
Каким приветствием сердечным и простым
Тысячелетней годовщины
Святую память мы почтим?

Какими этот день запечатлеть словами,
Как не словами, сказанными им,
Когда, прощаяся и с братом и с друзьями,
Он нехотя свой прах тебе оставил, Рим…

Причастные его труду,
Чрез целый ряд веков, чрез столько поколений,
И мы, и мы его тянули борозду
Среди соблазнов и сомнений.

И в свой черед, как он, не довершив труда,
И мы с нее сойдем, и, словеса святые
Его воспомяну́в, воскликнем мы тогда:
""Не изменяй себе, великая Россия!

Не верь, не верь чужим, родимый край,
Их ложной мудрости иль наглым их обманам,
И, как святой Кирилл, и ты не покидай
Великого служения славянам…""

13 февраля 1869"
42,"Вы не родились поляком,
Хоть шляхтич вы по направленью,
А русский вы ― сознайтесь в том ―
По Третьему лишь отделенью.

Слуга влиятельных господ,
С какой отвагой благородной
Громите речью вы свободной
Всех тех, кому зажали рот!

Недаром вашим вы пером
Аристократии служили ―
В какой лакейской изучили
Вы этот рыцарский прием?

Середина января 1869"
43,"Две силы есть ― две роковые силы,
Всю жизнь свою у них мы под рукой,
От колыбельных дней и до могилы, ―
Одна есть Смерть, другая ― Суд людской.

И та и тот равно неотразимы,
И безответственны и тот и та,
Пощады нет, протесты нетерпимы,
Их приговор смыкает всем уста…

Но Смерть честней ― чужда лицеприятью,
Не тронута ничем, не смущена,
Смиренную иль ропщущую братью ―
Своей косой равняет всех она.

Свет не таков: борьбы, разноголосья ―
Ревнивый властелин ― не терпит он,
Не косит сплошь, но лучшие колосья
Нередко с корнем вырывает вон.

И горе ей ― увы, двойное горе, ―
Той гордой силе, гордо-молодой,
Вступающей с решимостью во взоре,
С улыбкой на устах ― в неравный бой.

Когда она, при роковом сознанье
Всех прав своих, с отвагой красоты,
Бестрепетно, в каком-то обаянье
Идет сама навстречу клеветы,

Личиною чела не прикрывает,
И не дает принизиться челу,
И с кудрей молодых, как пыль, свевает
Угрозы, брань и страстную хулу, ―

Да, горе ей ― и чем простосердечней,
Тем кажется виновнее она…
Таков уж свет: он там бесчеловечней,
Где человечно-искренней вина.

Март 1869"
44,"Как нас ни угнетай разлука,
Но покоряемся мы ей ―
Для сердца есть другая мука,
Невыносимей и больней.

Пора разлуки миновала,
И от нее в руках у нас
Одно осталось покрывало,
Полупрозрачное для глаз.

И знаем мы: под этой дымкой
Всё то, по чем душа болит,
Какой-то странной невидимкой
От нас таится ― и молчит.

Где цель подобных искушений?
Душа невольно смущена,
И в колесе недоумений
Верти́тся нехотя она.

Пора разлуки миновала,
И мы не смеем, в добрый час,
Задеть и сдернуть покрывало,
Столь ненавистное для нас!

14 октября 1869"
45,"Как насаждения Петрова
В Екатерининской долине
Деревья пышно разрослись, ―
Так насаждаемое ныне
Здесь русское живое слово
Расти и глубже коренись."
46,"Нам не дано предугадать,
Как слово наше отзовется, ―
И нам сочувствие дается,
Как нам дается благодать…"
47,"""Нет, не могу я видеть вас…"" ―
Так говорил я в самом деле,
И не один, а сотню раз, ―
А вы ― и верить не хотели.

В одном доносчик мой не прав ―
Уж если доносить решился,
Зачем же, речь мою прервав,
Он досказать не потрудился?

И нынче нудит он меня ―
Шутник и пошлый и нахальный, ―
Его затею устраня,
Восстановить мой текст буквальный.

Да, говорил я, и не раз ―
То не был случай одинокий, ―
Мы все не можем видеть вас ―
Без той сочувственно-глубокой

Любви сердечной и святой,
С какой ― как в этом не сознаться? ―
Своею лучшею звездой
Вся Русь привыкла любоваться.

5 февраля 1869"
48,"Природа ― сфинкс. И тем она верней
Своим искусом губит человека,
Что, может статься, никакой от века
Загадки нет и не было у ней.

Август 1869"
49,"Там, где дары судьбы освящены душой,
Оправданы благотвореньем,
Невольно человек мирится здесь с судьбой,
Душа сознательно мирится с провиденьем."
50,"А. Ф. Гильфердингу

Спешу поздравить с неудачей:
Она ― блистательный успех,
Для вас почетна наипаче
И назидательна для всех.

Что русским словом столько лет
Вы славно служите России,
Про это знает целый свет,
Не знают немцы лишь родные.

Ах нет, то знают и они;
И что в славянском вражьем мире
Вы совершили ― вы одни ―
Все ведают, et inde irae!

Во всем обширном этом крае
Они встречали вас не раз,
В Балканах, Чехах, на Дунае ―
Везде, везде встречали вас.

И как же мог бы без измены,
Высокодоблестный досель,
В академические стены,
В заветную их цитадель,

Казною русской содержимый
Для этих славных оборон,
Вас, вас впустить ― непобедимый
Немецкий храбрый гарнизон?

17 декабря 1869"
51,"Андрею Николаевичу Муравьеву

Там, где на высоте обрыва
Воздушно-светозарный храм
Уходит ввыспрь ― очам на диво,
Как бы парящий к небесам;
Где Первозванного Андрея
Еще поднесь сияет крест,
На небе киевском белея,
Святой блюститель этих мест, ―

К стопам его свою обитель
Благоговейно прислоня,
Живешь ты там ― не праздный житель ―
На склоне трудового дня.
И кто бы мог без умиленья
И ныне не почтить в тебе
Единство жизни и стремленья
И твердость стойкую в борьбе?

Да, много, много испытаний
Ты перенес и одолел…
Живи ж не в суетном сознанье
Заслуг своих и добрых дел;
Но для любви, но для примера,
Да убеждаются тобой,
Что может действенная вера
И мысли неизменный строй.

Август 1869"
52,"В деревне

Что за отчаянные крики,
И гам, и трепетанье крыл?
Кто этот гвалт безумно-дикий
Так неуместно возбудил?
Ручных гусей и уток стая
Вдруг одичала и летит.
Летит ― куда, сама не зная,
И, как шальная, голосит.

Какой внезапною тревогой
Звучат все эти голоса!
Не пес, а бес четвероногой,
Бес, обернувшийся во пса,
В порыве буйства, для забавы,
Самоуверенный нахал,
Смутил покой их величавый
И их размыкал, разогнал!

И словно сам он, вслед за ними,
Для довершения обид,
С своими нервами стальными,
На воздух взвившись, полетит!
Какой же смысл в движенье этом?
Зачем вся эта трата сил?
Зачем испуг таким полетом
Гусей и уток окрылил?

Да, тут есть цель! В ленивом стаде
Замечен страшный был застой,
И нужен стал, прогресса ради,
Внезапный натиск роковой.
И вот благое провиденье
С цепи спустило сорванца,
Чтоб крыл своих предназначенье
Не позабыть им до конца.

Так современных проявлений
Смысл иногда и бестолков, ―
Но тот же современный гений
Всегда их выяснить готов.
Иной, ты скажешь, просто лает,
А он свершает высший долг ―
Он, осмысляя, развивает
Утиный и гусиный толк.

16 августа 1869"
53,"Современное

Флаги веют на Босфоре,
Пушки празднично гремят,
Небо ясно, блещет море,
И ликует Цареград.

И недаром он ликует:
На волшебных берегах
Ныне весело пирует
Благодушный падишах.

Угощает он на славу
Милых западных друзей ―
И свою бы всю державу
Заложил для них, ей-ей.

Из премудрого далека
Франкистанской их земли
Погулять на счет пророка
Все они сюда пришли.

Пушек гром и мусикия!
Здесь Европы всей привал,
Здесь все силы мировые
Свой справляют карнавал.

И при криках исступленных
Бойкий западный разгул
И в гаремах потаенных
Двери настежь распахнул.

Как в роскошной этой раме
Дивных гор и двух морей
Веселится об исламе
Христианский съезд князей!

И конца нет их приветам,
Обнимает брата брат…
О, каким отрадным светом
Звезды Запада горят!

И всех ярче и милее
Светит тут звезда одна,
Коронованная фея,
Рима дочь, его жена.

С пресловутого театра
Всех изяществ и затей,
Как вторая Клеопатра
В сонме царственных гостей,

На Восток она явилась,
Всем на радость, не на зло,
И пред нею всё склонилось:
Солнце с Запада взошло!

Только там, где тени бродят
По долинам и горам
И куда уж не доходят
Эти клики, этот гам, ―

Только там, где тени бродят,
Там, в ночи, из свежих ран
Кровью медленно исходят
Миллионы христиан…

Первая половина октября 1869"
54,"Чехам от московских славян

На ваши, братья, празднества,
Навстречу вашим ликованьям,
Навстречу вам идет Москва
С благоговейным упованьем.

В среду восторженных тревог,
В разгар великого волненья,
Приносит вам она залог,
Залог любви и единенья.

Примите же из рук ея
То, что и вашим прежде было,
Что старочешская семья
Такой ценой себе купила, ―

Такою страшною ценой,
Что память эта и поныне ―
И вашей лучшею святыней,
И вашей жизненной струей.

Примите Чашу! Вам звездой
В ночи судеб она светила
И вашу немощь возносила
Над человеческой средой.

О, вспомните, каким она
Была вам знаменьем любимым
И что в костре неугасимом
Она для вас обретена.

И этой-то великой мзды,
Отцов великих достоянья,
За все их тяжкие труды,
За все их жертвы и страданья,

Себя лишать даете вы
Иноплеменной дерзкой ложью,
Даете ей срамить, увы,
И честь отцов, и правду божью!

И долго ль, долго ль этот плен,
Из всех тягчайший, плен духовный,
Еще сносить ты осужден,
О чешский люд единокровный?

Нет, нет, недаром благодать
На вас призвали предки ваши,
И будет вам дано понять,
Что нет спасенья вам без Чаши.

Она лишь разрешит вконец
Загадку вашего народа:
В ней и духовная свобода,
И единения венец.

Придите ж к дивной Чаше сей,
Добытой лучшей вашей кровью,
Придите, приступите к ней
С надеждой, верой и любовью.

Около 24 августа 1869"
55,"Ю. Ф. Абазе

Так ― гармонических орудий
Власть беспредельна над душой,
И любят все живые люди
Язык их темный, но родной.

В них что-то стонет, что-то бьется,
Как в узах заключенный дух,
На волю просится и рвется
И хочет высказаться вслух…

Не то совсем при вашем пенье,
Не то мы чувствуем в себе:
Тут полнота освобожденья,
Конец и плену и борьбе…

Из тяжкой вырвавшись юдоли
И все оковы разреша,
На всей своей ликует воле
Освобожденная душа…

По всемогущему призыву
Свет отделяется от тьмы,
И мы не звуки ― душу живу,
В них вашу душу слышим мы.

22 декабря 1869"
56,"Мотив Гейне

Если смерть есть ночь, если жизнь есть день ―
Ах, умаял он, пестрый день, меня!..
И сгущается надо мною тень,
Ко сну клонится голова моя…

Обессиленный, отдаюсь ему…
Но всё грезится сквозь немую тьму ―
Где-то там, над ней, ясный день блестит
И незримый хор о любви гремит…

1868 или начало 1869"
57,"В небе тают облака,
И, лучистая на зное,
В искрах катится река,
Словно зеркало стальное…

Час от часу жар сильней,
Тень ушла к немым дубровам,
И с белеющих полей
Веет запахом медовым.

Чудный день! Пройдут века ―
Так же будут, в вечном строе,
Течь и искриться река
И поля дышать на зное.

2 августа 1868"
58,"Опять стою я над Невой,
И снова, как в былые годы,
Смотрю и я, как бы живой,
На эти дремлющие воды.

Нет искр в небесной синеве,
Все стихло в бледном обаянье,
Лишь по задумчивой Неве
Струится лунное сиянье.

Во сне ль всё это снится мне,
Или гляжу я в самом деле,
На что при этой же луне
С тобой живые мы глядели?

Июнь 1868"
59,"Печати русской доброхоты,
Как всеми вами, господа,
Тошнит ее ― но вот беда,
Что дело не дойдет до рвоты."
60,"Михаилу Петровичу Погодину

Стихов моих вот список безобразный, ―
Не заглянув в него, дарю им вас,
Не совладал с моею ленью праздной,
Чтобы она хоть вскользь им занялась…

В наш век стихи живут два-три мгновенья,
Родились утром, к вечеру умрут…
О чем же хлопотать? Рука забвенья
Как раз свершит свой корректурный труд.

Конец августа 1868"
61,"Памяти Е. П. Ковалевского

И вот в рядах отечественной рати
Опять не стало смелого бойца ―
Опять вздохнут о горестной утрате
Все честные, все русские сердца.

Душа живая, он необоримо
Всегда себе был верен и везде ―
Живое пламя, часто не без дыма
Горевшее в удушливой среде…

Но в правду верил он, и не смущался,
И с пошлостью боролся весь свой век,
Боролся ― и ни разу не поддался…
Он на Руси был редкий человек.

И не Руси одной по нем сгрустнется ―
Он дорог был и там, в земле чужой,
И там, где кровь так безотрадно льется,
Почтут его признательной слезой.

21 сентября 1868"
62,"Пожары

Широко, необозримо,
Грозной тучею сплошной,
Дым за дымом, бездна дыма
Тяготеет над землей.

Мертвый стелется кустарник,
Травы тлятся, не горят,
И сквозит на крае неба
Обожженных елей ряд.

На пожарище печальном
Нет ни искры, дым один, ―
Где ж огонь, злой истребитель,
Полномочный властелин?

Лишь украдкой, лишь местами,
Словно красный зверь какой,
Пробираясь меж кустами,
Пробежит огонь живой!

Но когда наступит сумрак,
Дым сольется с темнотой,
Он потешными огнями
Весь осветит лагерь свой.

Пред стихийной вражьей силой
Молча, руки опустя,
Человек стоит уныло ―
Беспомо́щное дитя.

16 июля 1868"
63,"Как ни тяжел последний час ―
Та непонятная для нас
Истома смертного страданья, ―
Но для души еще страшней
Следить, как вымирают в ней
Все лучшие воспоминанья…"
64,"Напрасный труд ― нет, их не вразумишь, ―
Чем либеральней, тем они пошлее,
Цивилизация ― для них фетиш,
Но недоступна им ее идея.

Как перед ней ни гнитесь, господа,
Вам не снискать признанья от Европы:
В ее глазах вы будете всегда
Не слуги просвещенья, а холопы.

Май 1867"
65,"Свершается заслуженная кара
За тяжкий грех, тысячелетний грех…
Не отвратить, не избежать удара ―
И правда божья видима для всех…

То божьей правды праведная кара,
И, ей в отпор чью помощь ни зови,
Свершится суд… и папская тиара
В последний раз купается в крови.

А ты, ее носитель неповинный, ―
Спаси тебя господь и отрезви, ―
Молись ему, чтобы твои седины
Не осквернились в пролитой крови.

27 октября 1867"
66,"<А. Д. Блудовой>

Как этого посмертного альбома
Мне дороги заветные листы,
Как всё на них так родственно-знакомо,
Как полно всё душевной теплоты!

Как этих строк сочувственная сила
Всего меня обвеяла былым!
Храм опустел, потух огонь кадила,
Но жертвенный еще курится дым.

1 марта 1867"
67,"Дым

Здесь некогда, могучий и прекрасный,
Шумел и зеленел волшебный лес, ―
Не лес, а целый мир разнообразный,
Исполненный видений и чудес.

Лучи сквозили, трепетали тени;
Не умолкал в деревьях птичий гам;
Мелькали в чаще быстрые олени,
И ловчий рог взывал по временам.

На перекрестках, с речью и приветом,
Навстречу нам, из полутьмы лесной,
Обвеянный каким-то чудным светом,
Знакомых лиц слетался целый рой.

Какая жизнь, какое обаянье,
Какой для чувств роскошный, светлый пир!
Нам чудились нездешние созданья,
Но близок был нам этот дивный мир.

И вот опять к таинственному лесу
Мы с прежнею любовью подошли.
Но где же он? Кто опустил завесу,
Спустил ее от неба до земли?

Что это? Призрак, чары ли какие?
Где мы? И верить ли глазам своим?
Здесь дым один, как пятая стихия,
Дым ― безотрадный, бесконечный дым!

Кой-где насквозь торчат по обнаженным
Пожарищам уродливые пни,
И бегают по сучьям обожженным
С зловещим треском белые огни…

Нет, это сон! Нет, ветерок повеет
И дымный призрак унесет с собой…
И вот опять наш лес зазеленеет,
Всё тот же лес, волшебный и родной.

25 апреля 1867"
68,"На юбилей князя А. М. Горчакова

В те дни кроваво-роковые,
Когда, прервав борьбу свою,
В ножны вложила меч Россия ―
Свой меч, иззубренный в бою, ―
Он волей призван был державной
Стоять на страже, ― и он стал,
И бой отважный, бой неравный
Один с Европой продолжал.

И вот двенадцать лет уж длится
Упорный поединок тот;
Иноплеменный мир дивится,
Одна лишь Русь его поймет.
Он первый угадал, в чем дело,
И им впервые русский дух
Союзной силой признан смело, ―
И вот венец его заслуг.

13 июня 1867"
69,"По прочтении депеш императорского кабинета, напечатанных в ""Journal de St. -Pétersbourg""

Когда свершится искупленье
И озарится вновь Восток, ―
О, как поймут тогда значенье
Великолепных этих строк!

Как первый яркий луч денницы,
Коснувшись, их воспламенит
И эти вещие страницы
Озолотит и освятит!

И в излиянье чувств народных,
Как божья чистая роса,
Племен признательно-свободных
На них затеплится слеза!

На них записана вся повесть
О том, что было и что есть;
Изобличив Европы совесть,
Они спасли России честь!

5 декабря 1867"
70,"Славянам

Man muß die Slaven an die Mauer drücken.

Они кричат, они грозятся:
""Вот к стенке мы славян прижмем!""
Ну, как бы им не оборваться
В задорном натиске своем!..

Да, стенка есть ― стена большая, ―
И вас не трудно к ней прижать.
Да польза-то для них какая?
Вот, вот что трудно угадать.

Ужасно та стена упруга,
Хоть и гранитная скала, ―
Шестую часть земного круга
Она давно уж обошла…

Ее не раз и штурмовали ―
Кой-где сорвали камня три,
Но напоследок отступали
С разбитым лбом богатыри…

Стоит она, как и стояла,
Твердыней смотрит боевой:
Она не то чтоб угрожала,
Но… каждый камень в ней живой…

Так пусть же бешеным напором
Теснят вас немцы и прижмут
К ее бойницам и затворам, ―
Посмотрим, что они возьмут!

Как ни бесись вражда слепая,
Как ни грози вам буйство их ―
Не выдаст вас стена родная,
Не оттолкнет она своих.

Она расступится пред вами
И как живой для вас оплот
Меж вами станет и врагами
И к ним поближе подойдет.

11―16 мая 1867"
71,"Славянам

Привет вам задушевный, братья,
Со всех Славянщины концов,
Привет наш всем вам, без изъятья!
Для всех семейный пир готов!
Недаром вас звала Россия
На праздник мира и любви;
Но знайте, гости дорогие,
Вы здесь не гости, вы ― свои!

Вы дома здесь, и больше дома,
Чем там, на родине своей, ―
Здесь, где господство незнакомо
Иноязыческих властей,
Здесь, где у власти и подда́нства
Один язык, один для всех,
И не считается Славянство
За тяжкий первородный грех!

Хотя враждебною судьбиной
И были мы разлучены,
Но всё же мы народ единый,
Единой матери сыны;
Но всё же братья мы родные!
Вот, вот что ненавидят в нас!
Вам не прощается Россия,
России ― не прощают вас!

Смущает их, и до испугу,
Что вся славянская семья
В лицо и недругу и другу
Впервые скажет: ""Это я!""
При неотступном вспоминанье
О длинной цепи злых обид
Славянское самосознанье,
Как божья кара, их страшит!

Давно на почве европейской,
Где ложь так пышно разрослась,
Давно наукой фарисейской
Двойная правда создалась:
Для них ― закон и равноправность,
Для нас ― насилье и обман,
И закрепила стародавность
Их как наследие славян.

И то, что длилося веками,
Не истощилось и поднесь
И тяготеет и над нами ―
Над нами, собранными здесь…
Еще болит от старых болей
Вся современная пора…
Не тронуто Косово поле,
Не срыта Белая Гора!

А между нас ― позор немалый
В славянской, всем родной среде,
Лишь тот ушел от их опалы
И не подвергся их вражде,
Кто для своих всегда и всюду
Злодеем был передовым:
Они лишь нашего Иуду
Честят лобзанием своим.

Опально-мировое племя,
Когда же будешь ты народ?
Когда же упразднится время
Твоей и розни и невзгод,
И грянет клич к объединенью,
И рухнет то, что делит нас?..
Мы ждем и верим провиденью ―
Ему известны день и час…

И эта вера в правду бога
Уж в нашей не умрет груди,
Хоть много жертв и горя много
Еще мы видим впереди…
Он жив ― верховный промыслитель,
И суд его не оскудел,
И слово Царь-освободитель
За русский выступит предел…

Начало мая 1867"
72,"Над Россией, распростертой
Встал внезапною грозой
Петр, по прозвищу четвертый,
Аракчеев же ― второй."
73,"В Риме

(С французского)

Средь Рима древнего сооружалось зданье ―
То Не́рон воздвигал дворец свой золотой.
Под самою дворца гранитною пятой
Былинка с кесарем вступила в состязанье:
""Не уступлю тебе, знай это, бог земной,
И ненавистное твое я сброшу бремя"".
― ""Как, мне не уступить? Мир гнется подо мной!""
― ""Весь мир тебе слуга, а мне слугою ― Время"".

Конец декабря 1866 ― начало января 1867"
74,"И в божьем мире то ж бывает,
И в мае снег идет порой,
А всё ж Весна не унывает
И говорит: ""Черед за мной!..

""
Бессильна, как она ни злися,
Несвоевременная дурь, ―
Метели, вьюги улеглися,
Уж близко время летних бурь.

11 мая 1866"
75,"Когда дряхлеющие силы
Нам начинают изменять
И мы должны, как старожилы,
Пришельцам новым место дать, ―

Спаси тогда нас, добрый гений,
От малодушных укоризн,
От клеветы, от озлоблений
На изменяющую жизнь;

От чувства затаенной злости
На обновляющийся мир,
Где новые садятся гости
За уготованный им пир;

От желчи горького сознанья,
Что нас поток уж не несет
И что другие есть призванья,
Другие вызваны вперед;

Ото всего, что тем задорней,
Чем глубже крылось с давних пор,
И старческой любви позорней
Сварливый старческий задор.

Начало сентября 1866"
76,"Когда расстроенный кредит
Не бьется кое-как,
А просто на мели сидит,
Сидит себе как рак, ―
Кто ж тут спасет, кто пособит?
Ну кто ж, коль не моряк.

3 июня 1866"
77,"Когда сочувственно на наше слово
Одна душа отозвалась ―
Не нужно нам возмездия иного,
Довольно с нас, довольно с нас…"
78,"На гробовой его покров
Мы, вместо всех венков, кладем слова простые:
Не много было б у него врагов,
Когда бы не твои, Россия."
79,"Небо бледно-голубое
Дышит светом и теплом
И приветствует Петрополь
Небывалым сентябрем.

Воздух, полный теплой влаги,
Зелень свежую поит
И торжественные флаги
Тихим веяньем струит.

Блеск горячий солнце сеет
Вдоль по невской глубине ―
Югом блещет, югом веет,
И живется как во сне.

Всё привольней, всё приветней
Умаляющийся день, ―
И согрета негой летней
Вечеров осенних тень.

Ночью тихо пламенеют
Разноцветные огни…
Очарованные ночи,
Очарованные дни.

Словно строгий чин природы
Уступил права свои
Духу жизни и свободы,
Вдохновениям любви.

Словно, ввек ненарушимый,
Был нарушен вечный строй
И любившей и любимой
Человеческой душой.

В этом ласковом сиянье,
В этом небе голубом
Есть улыбка, есть сознанье,
Есть сочувственный прием.

И святое умиленье
С благодатью чистых слез
К нам сошло как откровенье
И во всем отозвалось…

Небывалое доселе
Понял вещий наш народ,
И Дагмарина неделя
Перейдет из рода в род.

17 сентября 1866"
80,"Так! Он спасен! Иначе быть не может!
И чувство радости по Ру́си разлилось…
Но посреди молитв, средь благодарных слез
Мысль неотступная невольно сердце гложет:

Всё этим выстрелом, всё в нас оскорблено,
И оскорблению как будто нет исхода:
Легло, увы, легло позорное пятно
На всю историю российского народа!

4 апреля 1866"
81,"Тихо в озере струится
Отблеск кровель золотых,
Много в озеро глядится
Достославностей былых.
Жизнь играет, солнце греет,
Но под нею и под ним
Здесь былое чудно веет
Обаянием своим.

Солнце светит золотое,
Блещут озера струи…
Здесь великое былое
Словно дышит в забытьи;
Дремлет сладко-беззаботно,
Не смущая дивных снов
И тревогой мимолетной
Лебединых голосов…

Июль 1866"
82,"Ты долго ль будешь за туманом
Скрываться, Русская звезда,
Или оптическим обманом
Ты обличишься навсегда?

Ужель навстречу жадным взорам,
К тебе стремящимся в ночи,
Пустым и ложным метеором
Твои рассыплются лучи?

Всё гуще мрак, всё пуще горе,
Всё неминуемей беда ―
Взгляни, чей флаг там гибнет в море,
Проснись ― теперь иль никогда…

20 декабря 1866"
83,"Умом Россию не понять,
Аршином общим не измерить:
У ней особенная стать ―
В Россию можно только верить."
84,"Хотя б она сошла с лица земного,
В душе царей для правды есть приют.
Кто не слыхал торжественного слова?
Века векам его передают.

И что ж теперь? Увы, что видим мы?
Кто приютит, кто призрит гостью божью?
Ложь, злая ложь растлила все умы,
И целый мир стал воплощенной ложью!..

Опять Восток дымится свежей кровью,
Опять резня… повсюду вой и плач,
И снова прав пирующий палач,
А жертвы… преданы злословью!

О, этот век, воспитанный в крамолах,
Век без души, с озлобленным умом,
На площадях, в палатах, на престолах ―
Везде он правды личным стал врагом!

Но есть еще один приют державный,
Для правды есть один святой алтарь:
В твоей душе он, царь наш православный,
Наш благодушный, честный русский царь!

31 декабря 1866"
85,"Графине А. Д. Блудовой

Как жизнь ни сделалась скуднее,
Как ни пришлось нам уяснить
То, что нам с каждым днем яснее,
Что пережить ― не значит жить, ―
Во имя милого былого,
Во имя вашего отца
Дадим же мы друг другу слово:
Не изменяться до конца.

1 марта 1866"
86,"Князю Суворову

Два разнородные стремленья
В себе соединяешь ты:
Юродство без душеспасенья
И шутовство без остроты.

Сама природа, знать, хотела
Тебя устроить и обречь
На безответственное дело,
На безнаказанную речь.

Апрель 1866"
87,"На юбилей Н. М. Карамзина

Великий день Карамзина
Мы, поминая братской тризной,
Что скажем здесь перед отчизной,
На что б откликнулась она?

Какой хвалой благоговейной,
Каким сочувствием живым
Мы этот славный день почтим ―
Народный праздник и семейный?

Какой пошлем тебе привет ―
Тебе, наш добрый, чистый гений,
Средь колебаний и сомнений
Многотревожных этих лет?

При этой смеси безобразной
Бессильной правды, дерзкой лжи,
Так ненавистной для души
Высокой и ко благу страстной, ―

Души, какой твоя была,
Как здесь она еще боролась,
Но на призывный божий голос
Неудержимо к цели шла?

Мы скажем: будь нам путеводной,
Будь вдохновительной звездой ―
Свети в наш сумрак роковой,
Дух целомудренно-свободный,

Умевший всё совокупить
В ненарушимом, полном строе,
Всё человечески-благое,
И русским чувством закрепить, ―

Умевший, не сгибая выи
Пред обаянием венца,
Царю быть другом до конца
И верноподданным России…

30 ноября ― 1 декабря 1866"
88,"Бедный Лазарь, Ир убогой,
И с усильем и с тревогой
К вам пишу, с одра привстав,
И привет мой хромоногой
Окрылит пусть телеграф.

Пусть умчит его, играя,
В дивный, светлый угол тот,
Где весь день, не умолкая,
Словно буря дождевая
В купах зелени поет.

29 июня 1865"
89,"Есть телеграф за неименьем ног,
Неси он к вам мой стих полубольной.
Да сохранит вас милосердый бог
От всяких дрязг, волнений и тревог
И от бессонницы ночной.

28 июня 1865"
90,"Всё решено, и он спокоен,
Он, претерпевший до конца, ―
Знать, он пред богом был достоин
Другого, лучшего венца ―

Другого, лучшего наследства,
Наследства бога своего, ―
Он, наша радость с малолетства,
Он был не наш, он был его…

Но между ним и между нами
Есть связи естества сильней:
Со всеми русскими сердцами
Теперь он молится о ней, ―

О ней, чью горечь испытанья
Поймет, измерит только та,
Кто, освятив собой страданья,
Стояла, плача, у креста…

12 апреля 1865"
91,"Есть и в моем страдальческом застое
Часы и дни ужаснее других…
Их тяжкий гнет, их бремя роковое
Не выскажет, не выдержит мой стих.

Вдруг всё замрет. Слезам и умиленью
Нет доступа, всё пусто и темно,
Минувшее не веет легкой тенью,
А под землей, как труп, лежит оно.

Ах, и над ним в действительности ясной,
Но без любви, без солнечных лучей,
Такой же мир бездушный и бесстрастный,
Не знающий, не помнящий о ней.

И я один, с моей тупой тоскою,
Хочу сознать себя и не могу ―
Разбитый челн, заброшенный волною,
На безымянном диком берегу.

О господи, дай жгучего страданья
И мертвенность души моей рассей:
Ты взял ее, но муку вспоминанья,
Живую муку мне оставь по ней, ―

По ней, по ней, свой подвиг совершившей
Весь до конца в отчаянной борьбе,
Так пламенно, так горячо любившей
Наперекор и людям и судьбе, ―

По ней, по ней, судьбы не одолевшей,
Но и себя не давшей победить,
По ней, по ней, так до конца умевшей
Страдать, молиться, верить и любить.

Конец марта 1865"
92,"Как верно здравый смысл народа
Значенье слов определил:
Недаром, видно, от ""ухода""
Он вывел слово ""уходил""."
93,"Как неожиданно и ярко,
На влажной неба синеве,
Воздушная воздвиглась арка
В своем минутном торжестве!
Один конец в леса вонзила,
Другим за облака ушла ―
Она полнеба обхватила
И в высоте изнемогла.

О, в этом радужном виденье
Какая нега для очей!
Оно дано нам на мгновенье,
Лови его ― лови скорей!
Смотри ― оно уж побледнело,
Еще минута, две ― и что ж?
Ушло, как то уйдет всецело,
Чем ты и дышишь и живешь.

5 августа 1865"
94,"Как ни бесилося злоречье,
Как ни трудилося над ней,
Но этих глаз чистосердечье ―
Оно всех демонов сильней.

Всё в ней так искренно и мило,
Так все движенья хороши;
Ничто лазури не смутило
Ее безоблачной души.

К ней и пылинка не пристала
От глупых сплетней, злых речей;
И даже клевета не смяла
Воздушный шелк ее кудрей.

21 декабря 1865"
95,"Как хорошо ты, о море ночное, ―
Здесь лучезарно, там сизо-темно…
В лунном сиянии, словно живое,
Ходит, и дышит, и блещет оно…

На бесконечном, на вольном просторе
Блеск и движенье, грохот и гром…
Тусклым сияньем облитое море,
Как хорошо ты в безлюдье ночном!

Зыбь ты великая, зыбь ты морская,
Чей это праздник так празднуешь ты?
Волны несутся, гремя и сверкая,
Чуткие звезды глядят с высоты.

В этом волнении, в этом сиянье,
Весь, как во сне, я потерян стою ―
О, как охотно бы в их обаянье
Всю потопил бы я душу свою…

Январь 1865"
96,"Когда на то нет божьего согласья,
Как ни страдай она, любя, ―
Душа, увы, не выстрадает счастья,
Но может выстрадать себя…

Душа, душа, которая всецело
Одной заветной отдалась любви
И ей одной дышала и болела,
Господь тебя благослови!

Он, милосердный, всемогущий,
Он, греющий своим лучом
И пышный цвет, на воздухе цветущий,
И чистый перл на дне морском.

11 января 1865"
97,"Молчит сомнительно Восток,
Повсюду чуткое молчанье…
Что это? Сон иль ожиданье,
И близок день или далек?
Чуть-чуть белеет темя гор,
Еще в тумане лес и долы,
Спят города и дремлют селы,
Но к небу подымите взор…

Смотрите: полоса видна,
И, словно скрытной страстью рдея,
Она всё ярче, всё живее ―
Вся разгорается она ―
Еще минута, и во всей
Неизмеримости эфирной
Раздастся благовест всемирный
Победных солнечных лучей…

29 июля 1865"
98,"Нет дня, чтобы душа не ныла,
Не изнывала б о былом,
Искала слов, не находила,
И сохла, сохла с каждым днем, ―

Как тот, кто жгучею тоскою
Томился по краю родном
И вдруг узнал бы, что волною
Он схоронен на дне морском.

23 ноября 1865"
99,"Ночное небо так угрюмо,
Заволокло со всех сторон.
То не угроза и не дума,
То вялый, безотрадный сон.
Одни зарницы огневые,
Воспламеняясь чередой,
Как демоны глухонемые,
Ведут беседу меж собой.

Как по условленному знаку,
Вдруг неба вспыхнет полоса,
И быстро выступят из мраку
Поля и дальние леса.
И вот опять всё потемнело,
Всё стихло в чуткой темноте ―
Как бы таинственное дело
Решалось там ― на высоте.

18 августа 1865"
100,"Он, умирая, сомневался,
Зловещей думою томим…
Но бог недаром в нем сказался ―
Бог верен избранным своим…

Сто лет прошло в труде и горе ―
И вот, мужая с каждым днем,
Родная Речь уж на просторе
Поминки празднует по нем…

Уж не опутанная боле,
От прежних уз отрешена,
На всей своей разумной воле
Его приветствует она…

И мы, признательные внуки,
Его всем подвигам благим
Во имя Правды и Науки
Здесь память вечную гласим.

Да, велико его значенье ―
Он, верный Русскому уму,
Завоевал нам Просвещенье,
Не нас поработил ему, ―

Как тот борец ветхозаветный,
Который с Силой неземной
Боролся до звезды рассветной
И устоял в борьбе ночной.

Начало апреля 1865"
101,"Est in arundineis modulatio musica ripis.

Певучесть есть в морских волнах,
Гармония в стихийных спорах,
И стройный мусикийский шорох
Струится в зыбких камышах.

Невозмутимый строй во всем,
Созвучье полное в природе, ―
Лишь в нашей призрачной свободе
Разлад мы с нею сознаем.

Откуда, как разлад возник?
И отчего же в общем хоре
Душа не то поет, что, море,
И ропщет мыслящий тростник?

И от земли до крайних звезд
Всё безответен и поныне
Глас вопиющего в пустыне,
Души отчаянной протест?

11 мая 1865"
102,"Сегодня, друг, пятнадцать лет минуло
С того блаженно-рокового дня,
Как душу всю свою она вдохнула,
Как всю себя перелила в меня.

И вот уж год, без жалоб, без упреку,
Утратив всё, приветствую судьбу…
Быть до конца так страшно одиноку,
Как буду одинок в своем гробу.

15 июля 1865"
103,"Сын царский умирает в Ницце ―
И из него нам строят ков…
""То божья месть за поляко́в"", ―
Вот что мы слышим здесь, в столице…

Из чьих понятий, диких, узких,
То слово вырваться могло б?..
Кто говорит так: польский поп
Или министр какой из русских?

О, эти толки роковые,
Преступный лепет и шальной
Всех выродков земли родной,
Да не услышит их Россия, ―

И отповедью ― да не грянет
Тот страшный клич, что в старину:
""Везде измена ― царь в плену!"" ―
И Русь спасать его не встанет

8 ― 11 апреля 1865"
104,"Я не ценю красот природы,
Когда душа потрясена,
Когда свинцовая невзгода
Тмит бедный дух кошмаром сна.
Природы лучшие красо́ты
Меняют часто годы, дни…
Из нас поймет, пожалуй, сотый,
Что мы ей только и сродни.
Нет, преждевременная вялость
Ее не будит скорби в ней.
И нам в себе души усталость
Нести тяжеле и больней.
Природы воздух ядовитый
Нас отравляет не всегда:
Мы себялюбием повиты ―
И эта губит нас беда.

1865?"
105,"Другу моему Я. П. Полонскому

Нет боле искр живых на голос твой приветный ―
Во мне глухая ночь, и нет для ней утра́…
И скоро улетит ― во мраке незаметный ―
Последний, скудный дым с потухшего костра.

30 мая 1865"
106,"<Н. С. Акинфьевой>

Велели вы ― хоть, может быть, и в шутку
Я исполняю ваш приказ.
Тут места нет раздумью, ни рассудку,
И даже мудрость без ума от вас, ―

И даже он ― ваш дядя достославный, ―
Хоть всю Европу переспорить мог,
Но уступил и он в борьбе неравной
И присмирел у ваших ног…

5 июня 1865"
107,"Накануне годовщины 4 августа 1864 г.

Вот бреду я вдоль большой дороги
В тихом свете гаснущего дня…
Тяжело мне, замирают ноги…
Друг мой милый, видишь ли меня?

Всё темней, темнее над землею ―
Улетел последний отблеск дня…
Вот тот мир, где жили мы с тобою,
Ангел мой, ты видишь ли меня?

Завтра день молитвы и печали,
Завтра память рокового дня…
Ангел мой, где б души ни витали,
Ангел мой, ты видишь ли меня?

3 августа 1865"
108,"Ответ на адрес

Себя, друзья, морочите вы грубо ―
Велик с Россией ваш разлад.
Куда вам в члены Английских палат:
Вы просто члены Английского клуба…

Вторая половина января 1865"
109,"19-е февраля 1864

И тихими последними шагами
Он подошел к окну. День вечерел,
И чистыми, как благодать, лучами
На западе светился и горел.
И вспомнил он годину обновленья ―
Великий день, новозаветный день, ―
И на лице его от умиленья
Предсмертная вдруг озарилась тень.

Два образа, заветные, родные,
Что как святыню в сердце он носил,
Предстали перед ним ― царь и Россия,
И от души он их благословил.
Потом главой припал он к изголовью,
Последняя свершалася борьба, ―
И сам спаситель отпустил с любовью
Послушного и верного раба.

Между 19 и 21 февраля 1864"
110,"Encyclica

Был день, когда господней правды молот
Громил, дробил ветхозаветный храм
И, собственным мечом своим заколот,
В нем издыхал первосвященник сам.

Еще страшней, еще неумолимей
И в наши дни ― дни божьего суда ―
Свершится казнь в отступническом Риме
Над лженаместником Христа.

Столетья шли, ему прощалось много,
Кривые толки, темные дела,
Но не простится правдой бога
Его последняя хула…

Не от меча погибнет он земного,
Мечом земным владевший столько лет, ―
Его погубит роковое слово:
""Свобода совести есть бред!""

21 декабря 1864"
